"set","weight","height"
"test.1",99.7646639309824,199.031132040545
